path,finland,germany,israel,japan,mexico,russia,turkey
.\prepared_data\0000.png,1,0,0,0,0,0,0
.\prepared_data\0001.png,1,0,0,0,0,0,0
.\prepared_data\0002.png,1,0,0,0,0,0,0
.\prepared_data\0003.png,1,0,0,0,0,0,0
.\prepared_data\0004.png,1,0,0,0,0,0,0
.\prepared_data\0005.png,1,0,0,0,0,0,0
.\prepared_data\0006.png,1,0,0,0,0,0,0
.\prepared_data\0007.png,1,0,0,0,0,0,0
.\prepared_data\0008.png,1,0,0,0,0,0,0
.\prepared_data\0009.png,1,0,0,0,0,0,0
.\prepared_data\0010.png,1,0,0,0,0,0,0
.\prepared_data\0011.png,1,0,0,0,0,0,0
.\prepared_data\0012.png,1,0,0,0,0,0,0
.\prepared_data\0013.png,1,0,0,0,0,0,0
.\prepared_data\0014.png,1,0,0,0,0,0,0
.\prepared_data\0015.png,1,0,0,0,0,0,0
.\prepared_data\0016.png,1,0,0,0,0,0,0
.\prepared_data\0017.png,1,0,0,0,0,0,0
.\prepared_data\0018.png,1,0,0,0,0,0,0
.\prepared_data\0019.png,1,0,0,0,0,0,0
.\prepared_data\0020.png,1,0,0,0,0,0,0
.\prepared_data\0021.png,1,0,0,0,0,0,0
.\prepared_data\0022.png,1,0,0,0,0,0,0
.\prepared_data\0023.png,1,0,0,0,0,0,0
.\prepared_data\0024.png,1,0,0,0,0,0,0
.\prepared_data\0025.png,1,0,0,0,0,0,0
.\prepared_data\0026.png,1,0,0,0,0,0,0
.\prepared_data\0027.png,1,0,0,0,0,0,0
.\prepared_data\0028.png,1,0,0,0,0,0,0
.\prepared_data\0029.png,1,0,0,0,0,0,0
.\prepared_data\0030.png,1,0,0,0,0,0,0
.\prepared_data\0031.png,1,0,0,0,0,0,0
.\prepared_data\0032.png,1,0,0,0,0,0,0
.\prepared_data\0033.png,1,0,0,0,0,0,0
.\prepared_data\0034.png,1,0,0,0,0,0,0
.\prepared_data\0035.png,1,0,0,0,0,0,0
.\prepared_data\0036.png,1,0,0,0,0,0,0
.\prepared_data\0037.png,1,0,0,0,0,0,0
.\prepared_data\0038.png,1,0,0,0,0,0,0
.\prepared_data\0039.png,1,0,0,0,0,0,0
.\prepared_data\0040.png,1,0,0,0,0,0,0
.\prepared_data\0041.png,1,0,0,0,0,0,0
.\prepared_data\0042.png,1,0,0,0,0,0,0
.\prepared_data\0043.png,1,0,0,0,0,0,0
.\prepared_data\0044.png,1,0,0,0,0,0,0
.\prepared_data\0045.png,1,0,0,0,0,0,0
.\prepared_data\0046.png,1,0,0,0,0,0,0
.\prepared_data\0047.png,1,0,0,0,0,0,0
.\prepared_data\0048.png,1,0,0,0,0,0,0
.\prepared_data\0049.png,1,0,0,0,0,0,0
.\prepared_data\0050.png,1,0,0,0,0,0,0
.\prepared_data\0051.png,1,0,0,0,0,0,0
.\prepared_data\0052.png,1,0,0,0,0,0,0
.\prepared_data\0053.png,1,0,0,0,0,0,0
.\prepared_data\0054.png,1,0,0,0,0,0,0
.\prepared_data\0055.png,1,0,0,0,0,0,0
.\prepared_data\0056.png,1,0,0,0,0,0,0
.\prepared_data\0057.png,1,0,0,0,0,0,0
.\prepared_data\0058.png,1,0,0,0,0,0,0
.\prepared_data\0059.png,1,0,0,0,0,0,0
.\prepared_data\0060.png,1,0,0,0,0,0,0
.\prepared_data\0061.png,1,0,0,0,0,0,0
.\prepared_data\0062.png,1,0,0,0,0,0,0
.\prepared_data\0063.png,1,0,0,0,0,0,0
.\prepared_data\0064.png,1,0,0,0,0,0,0
.\prepared_data\0065.png,1,0,0,0,0,0,0
.\prepared_data\0066.png,1,0,0,0,0,0,0
.\prepared_data\0067.png,1,0,0,0,0,0,0
.\prepared_data\0068.png,1,0,0,0,0,0,0
.\prepared_data\0069.png,1,0,0,0,0,0,0
.\prepared_data\0070.png,1,0,0,0,0,0,0
.\prepared_data\0071.png,1,0,0,0,0,0,0
.\prepared_data\0072.png,1,0,0,0,0,0,0
.\prepared_data\0073.png,1,0,0,0,0,0,0
.\prepared_data\0074.png,1,0,0,0,0,0,0
.\prepared_data\0075.png,1,0,0,0,0,0,0
.\prepared_data\0076.png,1,0,0,0,0,0,0
.\prepared_data\0077.png,1,0,0,0,0,0,0
.\prepared_data\0078.png,1,0,0,0,0,0,0
.\prepared_data\0079.png,1,0,0,0,0,0,0
.\prepared_data\0080.png,1,0,0,0,0,0,0
.\prepared_data\0081.png,1,0,0,0,0,0,0
.\prepared_data\0082.png,1,0,0,0,0,0,0
.\prepared_data\0083.png,1,0,0,0,0,0,0
.\prepared_data\0084.png,1,0,0,0,0,0,0
.\prepared_data\0085.png,1,0,0,0,0,0,0
.\prepared_data\0086.png,1,0,0,0,0,0,0
.\prepared_data\0087.png,1,0,0,0,0,0,0
.\prepared_data\0088.png,1,0,0,0,0,0,0
.\prepared_data\0089.png,1,0,0,0,0,0,0
.\prepared_data\0090.png,1,0,0,0,0,0,0
.\prepared_data\0091.png,1,0,0,0,0,0,0
.\prepared_data\0092.png,1,0,0,0,0,0,0
.\prepared_data\0093.png,1,0,0,0,0,0,0
.\prepared_data\0094.png,1,0,0,0,0,0,0
.\prepared_data\0095.png,1,0,0,0,0,0,0
.\prepared_data\0096.png,1,0,0,0,0,0,0
.\prepared_data\0097.png,1,0,0,0,0,0,0
.\prepared_data\0098.png,1,0,0,0,0,0,0
.\prepared_data\0099.png,1,0,0,0,0,0,0
.\prepared_data\0100.png,1,0,0,0,0,0,0
.\prepared_data\0101.png,1,0,0,0,0,0,0
.\prepared_data\0102.png,1,0,0,0,0,0,0
.\prepared_data\0103.png,1,0,0,0,0,0,0
.\prepared_data\0104.png,1,0,0,0,0,0,0
.\prepared_data\0105.png,1,0,0,0,0,0,0
.\prepared_data\0106.png,1,0,0,0,0,0,0
.\prepared_data\0107.png,1,0,0,0,0,0,0
.\prepared_data\0108.png,1,0,0,0,0,0,0
.\prepared_data\0109.png,1,0,0,0,0,0,0
.\prepared_data\0110.png,1,0,0,0,0,0,0
.\prepared_data\0111.png,1,0,0,0,0,0,0
.\prepared_data\0112.png,1,0,0,0,0,0,0
.\prepared_data\0113.png,1,0,0,0,0,0,0
.\prepared_data\0114.png,1,0,0,0,0,0,0
.\prepared_data\0115.png,1,0,0,0,0,0,0
.\prepared_data\0116.png,1,0,0,0,0,0,0
.\prepared_data\0117.png,1,0,0,0,0,0,0
.\prepared_data\0118.png,1,0,0,0,0,0,0
.\prepared_data\0119.png,1,0,0,0,0,0,0
.\prepared_data\0120.png,1,0,0,0,0,0,0
.\prepared_data\0121.png,1,0,0,0,0,0,0
.\prepared_data\0122.png,1,0,0,0,0,0,0
.\prepared_data\0123.png,1,0,0,0,0,0,0
.\prepared_data\0124.png,1,0,0,0,0,0,0
.\prepared_data\0125.png,1,0,0,0,0,0,0
.\prepared_data\0126.png,1,0,0,0,0,0,0
.\prepared_data\0127.png,1,0,0,0,0,0,0
.\prepared_data\0128.png,1,0,0,0,0,0,0
.\prepared_data\0129.png,1,0,0,0,0,0,0
.\prepared_data\0130.png,1,0,0,0,0,0,0
.\prepared_data\0131.png,1,0,0,0,0,0,0
.\prepared_data\0132.png,1,0,0,0,0,0,0
.\prepared_data\0133.png,1,0,0,0,0,0,0
.\prepared_data\0134.png,1,0,0,0,0,0,0
.\prepared_data\0135.png,1,0,0,0,0,0,0
.\prepared_data\0136.png,1,0,0,0,0,0,0
.\prepared_data\0137.png,1,0,0,0,0,0,0
.\prepared_data\0138.png,1,0,0,0,0,0,0
.\prepared_data\0139.png,1,0,0,0,0,0,0
.\prepared_data\0140.png,1,0,0,0,0,0,0
.\prepared_data\0141.png,1,0,0,0,0,0,0
.\prepared_data\0142.png,1,0,0,0,0,0,0
.\prepared_data\0143.png,1,0,0,0,0,0,0
.\prepared_data\0144.png,1,0,0,0,0,0,0
.\prepared_data\0145.png,1,0,0,0,0,0,0
.\prepared_data\0146.png,1,0,0,0,0,0,0
.\prepared_data\0147.png,1,0,0,0,0,0,0
.\prepared_data\0148.png,1,0,0,0,0,0,0
.\prepared_data\0149.png,1,0,0,0,0,0,0
.\prepared_data\0150.png,1,0,0,0,0,0,0
.\prepared_data\0151.png,1,0,0,0,0,0,0
.\prepared_data\0152.png,1,0,0,0,0,0,0
.\prepared_data\0153.png,1,0,0,0,0,0,0
.\prepared_data\0154.png,1,0,0,0,0,0,0
.\prepared_data\0155.png,1,0,0,0,0,0,0
.\prepared_data\0156.png,1,0,0,0,0,0,0
.\prepared_data\0157.png,1,0,0,0,0,0,0
.\prepared_data\0158.png,1,0,0,0,0,0,0
.\prepared_data\0159.png,1,0,0,0,0,0,0
.\prepared_data\0160.png,1,0,0,0,0,0,0
.\prepared_data\0161.png,1,0,0,0,0,0,0
.\prepared_data\0162.png,1,0,0,0,0,0,0
.\prepared_data\0163.png,1,0,0,0,0,0,0
.\prepared_data\0164.png,1,0,0,0,0,0,0
.\prepared_data\0165.png,1,0,0,0,0,0,0
.\prepared_data\0166.png,1,0,0,0,0,0,0
.\prepared_data\0167.png,1,0,0,0,0,0,0
.\prepared_data\0168.png,1,0,0,0,0,0,0
.\prepared_data\0169.png,1,0,0,0,0,0,0
.\prepared_data\0170.png,1,0,0,0,0,0,0
.\prepared_data\0171.png,1,0,0,0,0,0,0
.\prepared_data\0172.png,1,0,0,0,0,0,0
.\prepared_data\0173.png,1,0,0,0,0,0,0
.\prepared_data\0174.png,1,0,0,0,0,0,0
.\prepared_data\0175.png,1,0,0,0,0,0,0
.\prepared_data\0176.png,1,0,0,0,0,0,0
.\prepared_data\0177.png,1,0,0,0,0,0,0
.\prepared_data\0178.png,1,0,0,0,0,0,0
.\prepared_data\0179.png,1,0,0,0,0,0,0
.\prepared_data\0180.png,1,0,0,0,0,0,0
.\prepared_data\0181.png,1,0,0,0,0,0,0
.\prepared_data\0182.png,1,0,0,0,0,0,0
.\prepared_data\0183.png,1,0,0,0,0,0,0
.\prepared_data\0184.png,1,0,0,0,0,0,0
.\prepared_data\0185.png,1,0,0,0,0,0,0
.\prepared_data\0186.png,1,0,0,0,0,0,0
.\prepared_data\0187.png,1,0,0,0,0,0,0
.\prepared_data\0188.png,1,0,0,0,0,0,0
.\prepared_data\0189.png,1,0,0,0,0,0,0
.\prepared_data\0190.png,1,0,0,0,0,0,0
.\prepared_data\0191.png,1,0,0,0,0,0,0
.\prepared_data\0192.png,1,0,0,0,0,0,0
.\prepared_data\0193.png,1,0,0,0,0,0,0
.\prepared_data\0194.png,1,0,0,0,0,0,0
.\prepared_data\0195.png,1,0,0,0,0,0,0
.\prepared_data\0196.png,1,0,0,0,0,0,0
.\prepared_data\0197.png,1,0,0,0,0,0,0
.\prepared_data\0198.png,1,0,0,0,0,0,0
.\prepared_data\0199.png,1,0,0,0,0,0,0
.\prepared_data\0200.png,0,1,0,0,0,0,0
.\prepared_data\0201.png,0,1,0,0,0,0,0
.\prepared_data\0202.png,0,1,0,0,0,0,0
.\prepared_data\0203.png,0,1,0,0,0,0,0
.\prepared_data\0204.png,0,1,0,0,0,0,0
.\prepared_data\0205.png,0,1,0,0,0,0,0
.\prepared_data\0206.png,0,1,0,0,0,0,0
.\prepared_data\0207.png,0,1,0,0,0,0,0
.\prepared_data\0208.png,0,1,0,0,0,0,0
.\prepared_data\0209.png,0,1,0,0,0,0,0
.\prepared_data\0210.png,0,1,0,0,0,0,0
.\prepared_data\0211.png,0,1,0,0,0,0,0
.\prepared_data\0212.png,0,1,0,0,0,0,0
.\prepared_data\0213.png,0,1,0,0,0,0,0
.\prepared_data\0214.png,0,1,0,0,0,0,0
.\prepared_data\0215.png,0,1,0,0,0,0,0
.\prepared_data\0216.png,0,1,0,0,0,0,0
.\prepared_data\0217.png,0,1,0,0,0,0,0
.\prepared_data\0218.png,0,1,0,0,0,0,0
.\prepared_data\0219.png,0,1,0,0,0,0,0
.\prepared_data\0220.png,0,1,0,0,0,0,0
.\prepared_data\0221.png,0,1,0,0,0,0,0
.\prepared_data\0222.png,0,1,0,0,0,0,0
.\prepared_data\0223.png,0,1,0,0,0,0,0
.\prepared_data\0224.png,0,1,0,0,0,0,0
.\prepared_data\0225.png,0,1,0,0,0,0,0
.\prepared_data\0226.png,0,1,0,0,0,0,0
.\prepared_data\0227.png,0,1,0,0,0,0,0
.\prepared_data\0228.png,0,1,0,0,0,0,0
.\prepared_data\0229.png,0,1,0,0,0,0,0
.\prepared_data\0230.png,0,1,0,0,0,0,0
.\prepared_data\0231.png,0,1,0,0,0,0,0
.\prepared_data\0232.png,0,1,0,0,0,0,0
.\prepared_data\0233.png,0,1,0,0,0,0,0
.\prepared_data\0234.png,0,1,0,0,0,0,0
.\prepared_data\0235.png,0,1,0,0,0,0,0
.\prepared_data\0236.png,0,1,0,0,0,0,0
.\prepared_data\0237.png,0,1,0,0,0,0,0
.\prepared_data\0238.png,0,1,0,0,0,0,0
.\prepared_data\0239.png,0,1,0,0,0,0,0
.\prepared_data\0240.png,0,1,0,0,0,0,0
.\prepared_data\0241.png,0,1,0,0,0,0,0
.\prepared_data\0242.png,0,1,0,0,0,0,0
.\prepared_data\0243.png,0,1,0,0,0,0,0
.\prepared_data\0244.png,0,1,0,0,0,0,0
.\prepared_data\0245.png,0,1,0,0,0,0,0
.\prepared_data\0246.png,0,1,0,0,0,0,0
.\prepared_data\0247.png,0,1,0,0,0,0,0
.\prepared_data\0248.png,0,1,0,0,0,0,0
.\prepared_data\0249.png,0,1,0,0,0,0,0
.\prepared_data\0250.png,0,1,0,0,0,0,0
.\prepared_data\0251.png,0,1,0,0,0,0,0
.\prepared_data\0252.png,0,1,0,0,0,0,0
.\prepared_data\0253.png,0,1,0,0,0,0,0
.\prepared_data\0254.png,0,1,0,0,0,0,0
.\prepared_data\0255.png,0,1,0,0,0,0,0
.\prepared_data\0256.png,0,1,0,0,0,0,0
.\prepared_data\0257.png,0,1,0,0,0,0,0
.\prepared_data\0258.png,0,1,0,0,0,0,0
.\prepared_data\0259.png,0,1,0,0,0,0,0
.\prepared_data\0260.png,0,1,0,0,0,0,0
.\prepared_data\0261.png,0,1,0,0,0,0,0
.\prepared_data\0262.png,0,1,0,0,0,0,0
.\prepared_data\0263.png,0,1,0,0,0,0,0
.\prepared_data\0264.png,0,1,0,0,0,0,0
.\prepared_data\0265.png,0,1,0,0,0,0,0
.\prepared_data\0266.png,0,1,0,0,0,0,0
.\prepared_data\0267.png,0,1,0,0,0,0,0
.\prepared_data\0268.png,0,1,0,0,0,0,0
.\prepared_data\0269.png,0,1,0,0,0,0,0
.\prepared_data\0270.png,0,1,0,0,0,0,0
.\prepared_data\0271.png,0,1,0,0,0,0,0
.\prepared_data\0272.png,0,1,0,0,0,0,0
.\prepared_data\0273.png,0,1,0,0,0,0,0
.\prepared_data\0274.png,0,1,0,0,0,0,0
.\prepared_data\0275.png,0,1,0,0,0,0,0
.\prepared_data\0276.png,0,1,0,0,0,0,0
.\prepared_data\0277.png,0,1,0,0,0,0,0
.\prepared_data\0278.png,0,1,0,0,0,0,0
.\prepared_data\0279.png,0,1,0,0,0,0,0
.\prepared_data\0280.png,0,1,0,0,0,0,0
.\prepared_data\0281.png,0,1,0,0,0,0,0
.\prepared_data\0282.png,0,1,0,0,0,0,0
.\prepared_data\0283.png,0,1,0,0,0,0,0
.\prepared_data\0284.png,0,1,0,0,0,0,0
.\prepared_data\0285.png,0,1,0,0,0,0,0
.\prepared_data\0286.png,0,1,0,0,0,0,0
.\prepared_data\0287.png,0,1,0,0,0,0,0
.\prepared_data\0288.png,0,1,0,0,0,0,0
.\prepared_data\0289.png,0,1,0,0,0,0,0
.\prepared_data\0290.png,0,1,0,0,0,0,0
.\prepared_data\0291.png,0,1,0,0,0,0,0
.\prepared_data\0292.png,0,1,0,0,0,0,0
.\prepared_data\0293.png,0,1,0,0,0,0,0
.\prepared_data\0294.png,0,1,0,0,0,0,0
.\prepared_data\0295.png,0,1,0,0,0,0,0
.\prepared_data\0296.png,0,1,0,0,0,0,0
.\prepared_data\0297.png,0,1,0,0,0,0,0
.\prepared_data\0298.png,0,1,0,0,0,0,0
.\prepared_data\0299.png,0,1,0,0,0,0,0
.\prepared_data\0300.png,0,1,0,0,0,0,0
.\prepared_data\0301.png,0,1,0,0,0,0,0
.\prepared_data\0302.png,0,1,0,0,0,0,0
.\prepared_data\0303.png,0,1,0,0,0,0,0
.\prepared_data\0304.png,0,1,0,0,0,0,0
.\prepared_data\0305.png,0,1,0,0,0,0,0
.\prepared_data\0306.png,0,1,0,0,0,0,0
.\prepared_data\0307.png,0,1,0,0,0,0,0
.\prepared_data\0308.png,0,1,0,0,0,0,0
.\prepared_data\0309.png,0,1,0,0,0,0,0
.\prepared_data\0310.png,0,1,0,0,0,0,0
.\prepared_data\0311.png,0,1,0,0,0,0,0
.\prepared_data\0312.png,0,1,0,0,0,0,0
.\prepared_data\0313.png,0,1,0,0,0,0,0
.\prepared_data\0314.png,0,1,0,0,0,0,0
.\prepared_data\0315.png,0,1,0,0,0,0,0
.\prepared_data\0316.png,0,1,0,0,0,0,0
.\prepared_data\0317.png,0,1,0,0,0,0,0
.\prepared_data\0318.png,0,1,0,0,0,0,0
.\prepared_data\0319.png,0,1,0,0,0,0,0
.\prepared_data\0320.png,0,1,0,0,0,0,0
.\prepared_data\0321.png,0,1,0,0,0,0,0
.\prepared_data\0322.png,0,1,0,0,0,0,0
.\prepared_data\0323.png,0,1,0,0,0,0,0
.\prepared_data\0324.png,0,1,0,0,0,0,0
.\prepared_data\0325.png,0,1,0,0,0,0,0
.\prepared_data\0326.png,0,1,0,0,0,0,0
.\prepared_data\0327.png,0,1,0,0,0,0,0
.\prepared_data\0328.png,0,1,0,0,0,0,0
.\prepared_data\0329.png,0,1,0,0,0,0,0
.\prepared_data\0330.png,0,1,0,0,0,0,0
.\prepared_data\0331.png,0,1,0,0,0,0,0
.\prepared_data\0332.png,0,1,0,0,0,0,0
.\prepared_data\0333.png,0,1,0,0,0,0,0
.\prepared_data\0334.png,0,1,0,0,0,0,0
.\prepared_data\0335.png,0,1,0,0,0,0,0
.\prepared_data\0336.png,0,1,0,0,0,0,0
.\prepared_data\0337.png,0,1,0,0,0,0,0
.\prepared_data\0338.png,0,1,0,0,0,0,0
.\prepared_data\0339.png,0,1,0,0,0,0,0
.\prepared_data\0340.png,0,1,0,0,0,0,0
.\prepared_data\0341.png,0,1,0,0,0,0,0
.\prepared_data\0342.png,0,1,0,0,0,0,0
.\prepared_data\0343.png,0,1,0,0,0,0,0
.\prepared_data\0344.png,0,1,0,0,0,0,0
.\prepared_data\0345.png,0,1,0,0,0,0,0
.\prepared_data\0346.png,0,1,0,0,0,0,0
.\prepared_data\0347.png,0,1,0,0,0,0,0
.\prepared_data\0348.png,0,1,0,0,0,0,0
.\prepared_data\0349.png,0,1,0,0,0,0,0
.\prepared_data\0350.png,0,1,0,0,0,0,0
.\prepared_data\0351.png,0,1,0,0,0,0,0
.\prepared_data\0352.png,0,1,0,0,0,0,0
.\prepared_data\0353.png,0,1,0,0,0,0,0
.\prepared_data\0354.png,0,1,0,0,0,0,0
.\prepared_data\0355.png,0,1,0,0,0,0,0
.\prepared_data\0356.png,0,1,0,0,0,0,0
.\prepared_data\0357.png,0,1,0,0,0,0,0
.\prepared_data\0358.png,0,1,0,0,0,0,0
.\prepared_data\0359.png,0,1,0,0,0,0,0
.\prepared_data\0360.png,0,1,0,0,0,0,0
.\prepared_data\0361.png,0,1,0,0,0,0,0
.\prepared_data\0362.png,0,1,0,0,0,0,0
.\prepared_data\0363.png,0,1,0,0,0,0,0
.\prepared_data\0364.png,0,1,0,0,0,0,0
.\prepared_data\0365.png,0,1,0,0,0,0,0
.\prepared_data\0366.png,0,1,0,0,0,0,0
.\prepared_data\0367.png,0,1,0,0,0,0,0
.\prepared_data\0368.png,0,1,0,0,0,0,0
.\prepared_data\0369.png,0,1,0,0,0,0,0
.\prepared_data\0370.png,0,1,0,0,0,0,0
.\prepared_data\0371.png,0,1,0,0,0,0,0
.\prepared_data\0372.png,0,1,0,0,0,0,0
.\prepared_data\0373.png,0,1,0,0,0,0,0
.\prepared_data\0374.png,0,1,0,0,0,0,0
.\prepared_data\0375.png,0,1,0,0,0,0,0
.\prepared_data\0376.png,0,1,0,0,0,0,0
.\prepared_data\0377.png,0,1,0,0,0,0,0
.\prepared_data\0378.png,0,1,0,0,0,0,0
.\prepared_data\0379.png,0,1,0,0,0,0,0
.\prepared_data\0380.png,0,1,0,0,0,0,0
.\prepared_data\0381.png,0,1,0,0,0,0,0
.\prepared_data\0382.png,0,1,0,0,0,0,0
.\prepared_data\0383.png,0,1,0,0,0,0,0
.\prepared_data\0384.png,0,1,0,0,0,0,0
.\prepared_data\0385.png,0,1,0,0,0,0,0
.\prepared_data\0386.png,0,1,0,0,0,0,0
.\prepared_data\0387.png,0,1,0,0,0,0,0
.\prepared_data\0388.png,0,1,0,0,0,0,0
.\prepared_data\0389.png,0,1,0,0,0,0,0
.\prepared_data\0390.png,0,1,0,0,0,0,0
.\prepared_data\0391.png,0,1,0,0,0,0,0
.\prepared_data\0392.png,0,1,0,0,0,0,0
.\prepared_data\0393.png,0,1,0,0,0,0,0
.\prepared_data\0394.png,0,1,0,0,0,0,0
.\prepared_data\0395.png,0,1,0,0,0,0,0
.\prepared_data\0396.png,0,1,0,0,0,0,0
.\prepared_data\0397.png,0,1,0,0,0,0,0
.\prepared_data\0398.png,0,1,0,0,0,0,0
.\prepared_data\0399.png,0,1,0,0,0,0,0
.\prepared_data\0400.png,0,0,1,0,0,0,0
.\prepared_data\0401.png,0,0,1,0,0,0,0
.\prepared_data\0402.png,0,0,1,0,0,0,0
.\prepared_data\0403.png,0,0,1,0,0,0,0
.\prepared_data\0404.png,0,0,1,0,0,0,0
.\prepared_data\0405.png,0,0,1,0,0,0,0
.\prepared_data\0406.png,0,0,1,0,0,0,0
.\prepared_data\0407.png,0,0,1,0,0,0,0
.\prepared_data\0408.png,0,0,1,0,0,0,0
.\prepared_data\0409.png,0,0,1,0,0,0,0
.\prepared_data\0410.png,0,0,1,0,0,0,0
.\prepared_data\0411.png,0,0,1,0,0,0,0
.\prepared_data\0412.png,0,0,1,0,0,0,0
.\prepared_data\0413.png,0,0,1,0,0,0,0
.\prepared_data\0414.png,0,0,1,0,0,0,0
.\prepared_data\0415.png,0,0,1,0,0,0,0
.\prepared_data\0416.png,0,0,1,0,0,0,0
.\prepared_data\0417.png,0,0,1,0,0,0,0
.\prepared_data\0418.png,0,0,1,0,0,0,0
.\prepared_data\0419.png,0,0,1,0,0,0,0
.\prepared_data\0420.png,0,0,1,0,0,0,0
.\prepared_data\0421.png,0,0,1,0,0,0,0
.\prepared_data\0422.png,0,0,1,0,0,0,0
.\prepared_data\0423.png,0,0,1,0,0,0,0
.\prepared_data\0424.png,0,0,1,0,0,0,0
.\prepared_data\0425.png,0,0,1,0,0,0,0
.\prepared_data\0426.png,0,0,1,0,0,0,0
.\prepared_data\0427.png,0,0,1,0,0,0,0
.\prepared_data\0428.png,0,0,1,0,0,0,0
.\prepared_data\0429.png,0,0,1,0,0,0,0
.\prepared_data\0430.png,0,0,1,0,0,0,0
.\prepared_data\0431.png,0,0,1,0,0,0,0
.\prepared_data\0432.png,0,0,1,0,0,0,0
.\prepared_data\0433.png,0,0,1,0,0,0,0
.\prepared_data\0434.png,0,0,1,0,0,0,0
.\prepared_data\0435.png,0,0,1,0,0,0,0
.\prepared_data\0436.png,0,0,1,0,0,0,0
.\prepared_data\0437.png,0,0,1,0,0,0,0
.\prepared_data\0438.png,0,0,1,0,0,0,0
.\prepared_data\0439.png,0,0,1,0,0,0,0
.\prepared_data\0440.png,0,0,1,0,0,0,0
.\prepared_data\0441.png,0,0,1,0,0,0,0
.\prepared_data\0442.png,0,0,1,0,0,0,0
.\prepared_data\0443.png,0,0,1,0,0,0,0
.\prepared_data\0444.png,0,0,1,0,0,0,0
.\prepared_data\0445.png,0,0,1,0,0,0,0
.\prepared_data\0446.png,0,0,1,0,0,0,0
.\prepared_data\0447.png,0,0,1,0,0,0,0
.\prepared_data\0448.png,0,0,1,0,0,0,0
.\prepared_data\0449.png,0,0,1,0,0,0,0
.\prepared_data\0450.png,0,0,1,0,0,0,0
.\prepared_data\0451.png,0,0,1,0,0,0,0
.\prepared_data\0452.png,0,0,1,0,0,0,0
.\prepared_data\0453.png,0,0,1,0,0,0,0
.\prepared_data\0454.png,0,0,1,0,0,0,0
.\prepared_data\0455.png,0,0,1,0,0,0,0
.\prepared_data\0456.png,0,0,1,0,0,0,0
.\prepared_data\0457.png,0,0,1,0,0,0,0
.\prepared_data\0458.png,0,0,1,0,0,0,0
.\prepared_data\0459.png,0,0,1,0,0,0,0
.\prepared_data\0460.png,0,0,1,0,0,0,0
.\prepared_data\0461.png,0,0,1,0,0,0,0
.\prepared_data\0462.png,0,0,1,0,0,0,0
.\prepared_data\0463.png,0,0,1,0,0,0,0
.\prepared_data\0464.png,0,0,1,0,0,0,0
.\prepared_data\0465.png,0,0,1,0,0,0,0
.\prepared_data\0466.png,0,0,1,0,0,0,0
.\prepared_data\0467.png,0,0,1,0,0,0,0
.\prepared_data\0468.png,0,0,1,0,0,0,0
.\prepared_data\0469.png,0,0,1,0,0,0,0
.\prepared_data\0470.png,0,0,1,0,0,0,0
.\prepared_data\0471.png,0,0,1,0,0,0,0
.\prepared_data\0472.png,0,0,1,0,0,0,0
.\prepared_data\0473.png,0,0,1,0,0,0,0
.\prepared_data\0474.png,0,0,1,0,0,0,0
.\prepared_data\0475.png,0,0,1,0,0,0,0
.\prepared_data\0476.png,0,0,1,0,0,0,0
.\prepared_data\0477.png,0,0,1,0,0,0,0
.\prepared_data\0478.png,0,0,1,0,0,0,0
.\prepared_data\0479.png,0,0,1,0,0,0,0
.\prepared_data\0480.png,0,0,1,0,0,0,0
.\prepared_data\0481.png,0,0,1,0,0,0,0
.\prepared_data\0482.png,0,0,1,0,0,0,0
.\prepared_data\0483.png,0,0,1,0,0,0,0
.\prepared_data\0484.png,0,0,1,0,0,0,0
.\prepared_data\0485.png,0,0,1,0,0,0,0
.\prepared_data\0486.png,0,0,1,0,0,0,0
.\prepared_data\0487.png,0,0,1,0,0,0,0
.\prepared_data\0488.png,0,0,1,0,0,0,0
.\prepared_data\0489.png,0,0,1,0,0,0,0
.\prepared_data\0490.png,0,0,1,0,0,0,0
.\prepared_data\0491.png,0,0,1,0,0,0,0
.\prepared_data\0492.png,0,0,1,0,0,0,0
.\prepared_data\0493.png,0,0,1,0,0,0,0
.\prepared_data\0494.png,0,0,1,0,0,0,0
.\prepared_data\0495.png,0,0,1,0,0,0,0
.\prepared_data\0496.png,0,0,1,0,0,0,0
.\prepared_data\0497.png,0,0,1,0,0,0,0
.\prepared_data\0498.png,0,0,1,0,0,0,0
.\prepared_data\0499.png,0,0,1,0,0,0,0
.\prepared_data\0500.png,0,0,1,0,0,0,0
.\prepared_data\0501.png,0,0,1,0,0,0,0
.\prepared_data\0502.png,0,0,1,0,0,0,0
.\prepared_data\0503.png,0,0,1,0,0,0,0
.\prepared_data\0504.png,0,0,1,0,0,0,0
.\prepared_data\0505.png,0,0,1,0,0,0,0
.\prepared_data\0506.png,0,0,1,0,0,0,0
.\prepared_data\0507.png,0,0,1,0,0,0,0
.\prepared_data\0508.png,0,0,1,0,0,0,0
.\prepared_data\0509.png,0,0,1,0,0,0,0
.\prepared_data\0510.png,0,0,1,0,0,0,0
.\prepared_data\0511.png,0,0,1,0,0,0,0
.\prepared_data\0512.png,0,0,1,0,0,0,0
.\prepared_data\0513.png,0,0,1,0,0,0,0
.\prepared_data\0514.png,0,0,1,0,0,0,0
.\prepared_data\0515.png,0,0,1,0,0,0,0
.\prepared_data\0516.png,0,0,1,0,0,0,0
.\prepared_data\0517.png,0,0,1,0,0,0,0
.\prepared_data\0518.png,0,0,1,0,0,0,0
.\prepared_data\0519.png,0,0,1,0,0,0,0
.\prepared_data\0520.png,0,0,1,0,0,0,0
.\prepared_data\0521.png,0,0,1,0,0,0,0
.\prepared_data\0522.png,0,0,1,0,0,0,0
.\prepared_data\0523.png,0,0,1,0,0,0,0
.\prepared_data\0524.png,0,0,1,0,0,0,0
.\prepared_data\0525.png,0,0,1,0,0,0,0
.\prepared_data\0526.png,0,0,1,0,0,0,0
.\prepared_data\0527.png,0,0,1,0,0,0,0
.\prepared_data\0528.png,0,0,1,0,0,0,0
.\prepared_data\0529.png,0,0,1,0,0,0,0
.\prepared_data\0530.png,0,0,1,0,0,0,0
.\prepared_data\0531.png,0,0,1,0,0,0,0
.\prepared_data\0532.png,0,0,1,0,0,0,0
.\prepared_data\0533.png,0,0,1,0,0,0,0
.\prepared_data\0534.png,0,0,1,0,0,0,0
.\prepared_data\0535.png,0,0,1,0,0,0,0
.\prepared_data\0536.png,0,0,1,0,0,0,0
.\prepared_data\0537.png,0,0,1,0,0,0,0
.\prepared_data\0538.png,0,0,1,0,0,0,0
.\prepared_data\0539.png,0,0,1,0,0,0,0
.\prepared_data\0540.png,0,0,1,0,0,0,0
.\prepared_data\0541.png,0,0,1,0,0,0,0
.\prepared_data\0542.png,0,0,1,0,0,0,0
.\prepared_data\0543.png,0,0,1,0,0,0,0
.\prepared_data\0544.png,0,0,1,0,0,0,0
.\prepared_data\0545.png,0,0,1,0,0,0,0
.\prepared_data\0546.png,0,0,1,0,0,0,0
.\prepared_data\0547.png,0,0,1,0,0,0,0
.\prepared_data\0548.png,0,0,1,0,0,0,0
.\prepared_data\0549.png,0,0,1,0,0,0,0
.\prepared_data\0550.png,0,0,1,0,0,0,0
.\prepared_data\0551.png,0,0,1,0,0,0,0
.\prepared_data\0552.png,0,0,1,0,0,0,0
.\prepared_data\0553.png,0,0,1,0,0,0,0
.\prepared_data\0554.png,0,0,1,0,0,0,0
.\prepared_data\0555.png,0,0,1,0,0,0,0
.\prepared_data\0556.png,0,0,1,0,0,0,0
.\prepared_data\0557.png,0,0,1,0,0,0,0
.\prepared_data\0558.png,0,0,1,0,0,0,0
.\prepared_data\0559.png,0,0,1,0,0,0,0
.\prepared_data\0560.png,0,0,1,0,0,0,0
.\prepared_data\0561.png,0,0,1,0,0,0,0
.\prepared_data\0562.png,0,0,1,0,0,0,0
.\prepared_data\0563.png,0,0,1,0,0,0,0
.\prepared_data\0564.png,0,0,1,0,0,0,0
.\prepared_data\0565.png,0,0,1,0,0,0,0
.\prepared_data\0566.png,0,0,1,0,0,0,0
.\prepared_data\0567.png,0,0,1,0,0,0,0
.\prepared_data\0568.png,0,0,1,0,0,0,0
.\prepared_data\0569.png,0,0,1,0,0,0,0
.\prepared_data\0570.png,0,0,1,0,0,0,0
.\prepared_data\0571.png,0,0,1,0,0,0,0
.\prepared_data\0572.png,0,0,1,0,0,0,0
.\prepared_data\0573.png,0,0,1,0,0,0,0
.\prepared_data\0574.png,0,0,1,0,0,0,0
.\prepared_data\0575.png,0,0,1,0,0,0,0
.\prepared_data\0576.png,0,0,1,0,0,0,0
.\prepared_data\0577.png,0,0,1,0,0,0,0
.\prepared_data\0578.png,0,0,1,0,0,0,0
.\prepared_data\0579.png,0,0,1,0,0,0,0
.\prepared_data\0580.png,0,0,1,0,0,0,0
.\prepared_data\0581.png,0,0,1,0,0,0,0
.\prepared_data\0582.png,0,0,1,0,0,0,0
.\prepared_data\0583.png,0,0,1,0,0,0,0
.\prepared_data\0584.png,0,0,1,0,0,0,0
.\prepared_data\0585.png,0,0,1,0,0,0,0
.\prepared_data\0586.png,0,0,1,0,0,0,0
.\prepared_data\0587.png,0,0,1,0,0,0,0
.\prepared_data\0588.png,0,0,1,0,0,0,0
.\prepared_data\0589.png,0,0,1,0,0,0,0
.\prepared_data\0590.png,0,0,1,0,0,0,0
.\prepared_data\0591.png,0,0,1,0,0,0,0
.\prepared_data\0592.png,0,0,1,0,0,0,0
.\prepared_data\0593.png,0,0,1,0,0,0,0
.\prepared_data\0594.png,0,0,1,0,0,0,0
.\prepared_data\0595.png,0,0,1,0,0,0,0
.\prepared_data\0596.png,0,0,1,0,0,0,0
.\prepared_data\0597.png,0,0,1,0,0,0,0
.\prepared_data\0598.png,0,0,1,0,0,0,0
.\prepared_data\0599.png,0,0,1,0,0,0,0
.\prepared_data\0600.png,0,0,0,1,0,0,0
.\prepared_data\0601.png,0,0,0,1,0,0,0
.\prepared_data\0602.png,0,0,0,1,0,0,0
.\prepared_data\0603.png,0,0,0,1,0,0,0
.\prepared_data\0604.png,0,0,0,1,0,0,0
.\prepared_data\0605.png,0,0,0,1,0,0,0
.\prepared_data\0606.png,0,0,0,1,0,0,0
.\prepared_data\0607.png,0,0,0,1,0,0,0
.\prepared_data\0608.png,0,0,0,1,0,0,0
.\prepared_data\0609.png,0,0,0,1,0,0,0
.\prepared_data\0610.png,0,0,0,1,0,0,0
.\prepared_data\0611.png,0,0,0,1,0,0,0
.\prepared_data\0612.png,0,0,0,1,0,0,0
.\prepared_data\0613.png,0,0,0,1,0,0,0
.\prepared_data\0614.png,0,0,0,1,0,0,0
.\prepared_data\0615.png,0,0,0,1,0,0,0
.\prepared_data\0616.png,0,0,0,1,0,0,0
.\prepared_data\0617.png,0,0,0,1,0,0,0
.\prepared_data\0618.png,0,0,0,1,0,0,0
.\prepared_data\0619.png,0,0,0,1,0,0,0
.\prepared_data\0620.png,0,0,0,1,0,0,0
.\prepared_data\0621.png,0,0,0,1,0,0,0
.\prepared_data\0622.png,0,0,0,1,0,0,0
.\prepared_data\0623.png,0,0,0,1,0,0,0
.\prepared_data\0624.png,0,0,0,1,0,0,0
.\prepared_data\0625.png,0,0,0,1,0,0,0
.\prepared_data\0626.png,0,0,0,1,0,0,0
.\prepared_data\0627.png,0,0,0,1,0,0,0
.\prepared_data\0628.png,0,0,0,1,0,0,0
.\prepared_data\0629.png,0,0,0,1,0,0,0
.\prepared_data\0630.png,0,0,0,1,0,0,0
.\prepared_data\0631.png,0,0,0,1,0,0,0
.\prepared_data\0632.png,0,0,0,1,0,0,0
.\prepared_data\0633.png,0,0,0,1,0,0,0
.\prepared_data\0634.png,0,0,0,1,0,0,0
.\prepared_data\0635.png,0,0,0,1,0,0,0
.\prepared_data\0636.png,0,0,0,1,0,0,0
.\prepared_data\0637.png,0,0,0,1,0,0,0
.\prepared_data\0638.png,0,0,0,1,0,0,0
.\prepared_data\0639.png,0,0,0,1,0,0,0
.\prepared_data\0640.png,0,0,0,1,0,0,0
.\prepared_data\0641.png,0,0,0,1,0,0,0
.\prepared_data\0642.png,0,0,0,1,0,0,0
.\prepared_data\0643.png,0,0,0,1,0,0,0
.\prepared_data\0644.png,0,0,0,1,0,0,0
.\prepared_data\0645.png,0,0,0,1,0,0,0
.\prepared_data\0646.png,0,0,0,1,0,0,0
.\prepared_data\0647.png,0,0,0,1,0,0,0
.\prepared_data\0648.png,0,0,0,1,0,0,0
.\prepared_data\0649.png,0,0,0,1,0,0,0
.\prepared_data\0650.png,0,0,0,1,0,0,0
.\prepared_data\0651.png,0,0,0,1,0,0,0
.\prepared_data\0652.png,0,0,0,1,0,0,0
.\prepared_data\0653.png,0,0,0,1,0,0,0
.\prepared_data\0654.png,0,0,0,1,0,0,0
.\prepared_data\0655.png,0,0,0,1,0,0,0
.\prepared_data\0656.png,0,0,0,1,0,0,0
.\prepared_data\0657.png,0,0,0,1,0,0,0
.\prepared_data\0658.png,0,0,0,1,0,0,0
.\prepared_data\0659.png,0,0,0,1,0,0,0
.\prepared_data\0660.png,0,0,0,1,0,0,0
.\prepared_data\0661.png,0,0,0,1,0,0,0
.\prepared_data\0662.png,0,0,0,1,0,0,0
.\prepared_data\0663.png,0,0,0,1,0,0,0
.\prepared_data\0664.png,0,0,0,1,0,0,0
.\prepared_data\0665.png,0,0,0,1,0,0,0
.\prepared_data\0666.png,0,0,0,1,0,0,0
.\prepared_data\0667.png,0,0,0,1,0,0,0
.\prepared_data\0668.png,0,0,0,1,0,0,0
.\prepared_data\0669.png,0,0,0,1,0,0,0
.\prepared_data\0670.png,0,0,0,1,0,0,0
.\prepared_data\0671.png,0,0,0,1,0,0,0
.\prepared_data\0672.png,0,0,0,1,0,0,0
.\prepared_data\0673.png,0,0,0,1,0,0,0
.\prepared_data\0674.png,0,0,0,1,0,0,0
.\prepared_data\0675.png,0,0,0,1,0,0,0
.\prepared_data\0676.png,0,0,0,1,0,0,0
.\prepared_data\0677.png,0,0,0,1,0,0,0
.\prepared_data\0678.png,0,0,0,1,0,0,0
.\prepared_data\0679.png,0,0,0,1,0,0,0
.\prepared_data\0680.png,0,0,0,1,0,0,0
.\prepared_data\0681.png,0,0,0,1,0,0,0
.\prepared_data\0682.png,0,0,0,1,0,0,0
.\prepared_data\0683.png,0,0,0,1,0,0,0
.\prepared_data\0684.png,0,0,0,1,0,0,0
.\prepared_data\0685.png,0,0,0,1,0,0,0
.\prepared_data\0686.png,0,0,0,1,0,0,0
.\prepared_data\0687.png,0,0,0,1,0,0,0
.\prepared_data\0688.png,0,0,0,1,0,0,0
.\prepared_data\0689.png,0,0,0,1,0,0,0
.\prepared_data\0690.png,0,0,0,1,0,0,0
.\prepared_data\0691.png,0,0,0,1,0,0,0
.\prepared_data\0692.png,0,0,0,1,0,0,0
.\prepared_data\0693.png,0,0,0,1,0,0,0
.\prepared_data\0694.png,0,0,0,1,0,0,0
.\prepared_data\0695.png,0,0,0,1,0,0,0
.\prepared_data\0696.png,0,0,0,1,0,0,0
.\prepared_data\0697.png,0,0,0,1,0,0,0
.\prepared_data\0698.png,0,0,0,1,0,0,0
.\prepared_data\0699.png,0,0,0,1,0,0,0
.\prepared_data\0700.png,0,0,0,1,0,0,0
.\prepared_data\0701.png,0,0,0,1,0,0,0
.\prepared_data\0702.png,0,0,0,1,0,0,0
.\prepared_data\0703.png,0,0,0,1,0,0,0
.\prepared_data\0704.png,0,0,0,1,0,0,0
.\prepared_data\0705.png,0,0,0,1,0,0,0
.\prepared_data\0706.png,0,0,0,1,0,0,0
.\prepared_data\0707.png,0,0,0,1,0,0,0
.\prepared_data\0708.png,0,0,0,1,0,0,0
.\prepared_data\0709.png,0,0,0,1,0,0,0
.\prepared_data\0710.png,0,0,0,1,0,0,0
.\prepared_data\0711.png,0,0,0,1,0,0,0
.\prepared_data\0712.png,0,0,0,1,0,0,0
.\prepared_data\0713.png,0,0,0,1,0,0,0
.\prepared_data\0714.png,0,0,0,1,0,0,0
.\prepared_data\0715.png,0,0,0,1,0,0,0
.\prepared_data\0716.png,0,0,0,1,0,0,0
.\prepared_data\0717.png,0,0,0,1,0,0,0
.\prepared_data\0718.png,0,0,0,1,0,0,0
.\prepared_data\0719.png,0,0,0,1,0,0,0
.\prepared_data\0720.png,0,0,0,1,0,0,0
.\prepared_data\0721.png,0,0,0,1,0,0,0
.\prepared_data\0722.png,0,0,0,1,0,0,0
.\prepared_data\0723.png,0,0,0,1,0,0,0
.\prepared_data\0724.png,0,0,0,1,0,0,0
.\prepared_data\0725.png,0,0,0,1,0,0,0
.\prepared_data\0726.png,0,0,0,1,0,0,0
.\prepared_data\0727.png,0,0,0,1,0,0,0
.\prepared_data\0728.png,0,0,0,1,0,0,0
.\prepared_data\0729.png,0,0,0,1,0,0,0
.\prepared_data\0730.png,0,0,0,1,0,0,0
.\prepared_data\0731.png,0,0,0,1,0,0,0
.\prepared_data\0732.png,0,0,0,1,0,0,0
.\prepared_data\0733.png,0,0,0,1,0,0,0
.\prepared_data\0734.png,0,0,0,1,0,0,0
.\prepared_data\0735.png,0,0,0,1,0,0,0
.\prepared_data\0736.png,0,0,0,1,0,0,0
.\prepared_data\0737.png,0,0,0,1,0,0,0
.\prepared_data\0738.png,0,0,0,1,0,0,0
.\prepared_data\0739.png,0,0,0,1,0,0,0
.\prepared_data\0740.png,0,0,0,1,0,0,0
.\prepared_data\0741.png,0,0,0,1,0,0,0
.\prepared_data\0742.png,0,0,0,1,0,0,0
.\prepared_data\0743.png,0,0,0,1,0,0,0
.\prepared_data\0744.png,0,0,0,1,0,0,0
.\prepared_data\0745.png,0,0,0,1,0,0,0
.\prepared_data\0746.png,0,0,0,1,0,0,0
.\prepared_data\0747.png,0,0,0,1,0,0,0
.\prepared_data\0748.png,0,0,0,1,0,0,0
.\prepared_data\0749.png,0,0,0,1,0,0,0
.\prepared_data\0750.png,0,0,0,1,0,0,0
.\prepared_data\0751.png,0,0,0,1,0,0,0
.\prepared_data\0752.png,0,0,0,1,0,0,0
.\prepared_data\0753.png,0,0,0,1,0,0,0
.\prepared_data\0754.png,0,0,0,1,0,0,0
.\prepared_data\0755.png,0,0,0,1,0,0,0
.\prepared_data\0756.png,0,0,0,1,0,0,0
.\prepared_data\0757.png,0,0,0,1,0,0,0
.\prepared_data\0758.png,0,0,0,1,0,0,0
.\prepared_data\0759.png,0,0,0,1,0,0,0
.\prepared_data\0760.png,0,0,0,1,0,0,0
.\prepared_data\0761.png,0,0,0,1,0,0,0
.\prepared_data\0762.png,0,0,0,1,0,0,0
.\prepared_data\0763.png,0,0,0,1,0,0,0
.\prepared_data\0764.png,0,0,0,1,0,0,0
.\prepared_data\0765.png,0,0,0,1,0,0,0
.\prepared_data\0766.png,0,0,0,1,0,0,0
.\prepared_data\0767.png,0,0,0,1,0,0,0
.\prepared_data\0768.png,0,0,0,1,0,0,0
.\prepared_data\0769.png,0,0,0,1,0,0,0
.\prepared_data\0770.png,0,0,0,1,0,0,0
.\prepared_data\0771.png,0,0,0,1,0,0,0
.\prepared_data\0772.png,0,0,0,1,0,0,0
.\prepared_data\0773.png,0,0,0,1,0,0,0
.\prepared_data\0774.png,0,0,0,1,0,0,0
.\prepared_data\0775.png,0,0,0,1,0,0,0
.\prepared_data\0776.png,0,0,0,1,0,0,0
.\prepared_data\0777.png,0,0,0,1,0,0,0
.\prepared_data\0778.png,0,0,0,1,0,0,0
.\prepared_data\0779.png,0,0,0,1,0,0,0
.\prepared_data\0780.png,0,0,0,1,0,0,0
.\prepared_data\0781.png,0,0,0,1,0,0,0
.\prepared_data\0782.png,0,0,0,1,0,0,0
.\prepared_data\0783.png,0,0,0,1,0,0,0
.\prepared_data\0784.png,0,0,0,1,0,0,0
.\prepared_data\0785.png,0,0,0,1,0,0,0
.\prepared_data\0786.png,0,0,0,1,0,0,0
.\prepared_data\0787.png,0,0,0,1,0,0,0
.\prepared_data\0788.png,0,0,0,1,0,0,0
.\prepared_data\0789.png,0,0,0,1,0,0,0
.\prepared_data\0790.png,0,0,0,1,0,0,0
.\prepared_data\0791.png,0,0,0,1,0,0,0
.\prepared_data\0792.png,0,0,0,1,0,0,0
.\prepared_data\0793.png,0,0,0,1,0,0,0
.\prepared_data\0794.png,0,0,0,1,0,0,0
.\prepared_data\0795.png,0,0,0,1,0,0,0
.\prepared_data\0796.png,0,0,0,1,0,0,0
.\prepared_data\0797.png,0,0,0,1,0,0,0
.\prepared_data\0798.png,0,0,0,1,0,0,0
.\prepared_data\0799.png,0,0,0,1,0,0,0
.\prepared_data\0800.png,0,0,0,0,1,0,0
.\prepared_data\0801.png,0,0,0,0,1,0,0
.\prepared_data\0802.png,0,0,0,0,1,0,0
.\prepared_data\0803.png,0,0,0,0,1,0,0
.\prepared_data\0804.png,0,0,0,0,1,0,0
.\prepared_data\0805.png,0,0,0,0,1,0,0
.\prepared_data\0806.png,0,0,0,0,1,0,0
.\prepared_data\0807.png,0,0,0,0,1,0,0
.\prepared_data\0808.png,0,0,0,0,1,0,0
.\prepared_data\0809.png,0,0,0,0,1,0,0
.\prepared_data\0810.png,0,0,0,0,1,0,0
.\prepared_data\0811.png,0,0,0,0,1,0,0
.\prepared_data\0812.png,0,0,0,0,1,0,0
.\prepared_data\0813.png,0,0,0,0,1,0,0
.\prepared_data\0814.png,0,0,0,0,1,0,0
.\prepared_data\0815.png,0,0,0,0,1,0,0
.\prepared_data\0816.png,0,0,0,0,1,0,0
.\prepared_data\0817.png,0,0,0,0,1,0,0
.\prepared_data\0818.png,0,0,0,0,1,0,0
.\prepared_data\0819.png,0,0,0,0,1,0,0
.\prepared_data\0820.png,0,0,0,0,1,0,0
.\prepared_data\0821.png,0,0,0,0,1,0,0
.\prepared_data\0822.png,0,0,0,0,1,0,0
.\prepared_data\0823.png,0,0,0,0,1,0,0
.\prepared_data\0824.png,0,0,0,0,1,0,0
.\prepared_data\0825.png,0,0,0,0,1,0,0
.\prepared_data\0826.png,0,0,0,0,1,0,0
.\prepared_data\0827.png,0,0,0,0,1,0,0
.\prepared_data\0828.png,0,0,0,0,1,0,0
.\prepared_data\0829.png,0,0,0,0,1,0,0
.\prepared_data\0830.png,0,0,0,0,1,0,0
.\prepared_data\0831.png,0,0,0,0,1,0,0
.\prepared_data\0832.png,0,0,0,0,1,0,0
.\prepared_data\0833.png,0,0,0,0,1,0,0
.\prepared_data\0834.png,0,0,0,0,1,0,0
.\prepared_data\0835.png,0,0,0,0,1,0,0
.\prepared_data\0836.png,0,0,0,0,1,0,0
.\prepared_data\0837.png,0,0,0,0,1,0,0
.\prepared_data\0838.png,0,0,0,0,1,0,0
.\prepared_data\0839.png,0,0,0,0,1,0,0
.\prepared_data\0840.png,0,0,0,0,1,0,0
.\prepared_data\0841.png,0,0,0,0,1,0,0
.\prepared_data\0842.png,0,0,0,0,1,0,0
.\prepared_data\0843.png,0,0,0,0,1,0,0
.\prepared_data\0844.png,0,0,0,0,1,0,0
.\prepared_data\0845.png,0,0,0,0,1,0,0
.\prepared_data\0846.png,0,0,0,0,1,0,0
.\prepared_data\0847.png,0,0,0,0,1,0,0
.\prepared_data\0848.png,0,0,0,0,1,0,0
.\prepared_data\0849.png,0,0,0,0,1,0,0
.\prepared_data\0850.png,0,0,0,0,1,0,0
.\prepared_data\0851.png,0,0,0,0,1,0,0
.\prepared_data\0852.png,0,0,0,0,1,0,0
.\prepared_data\0853.png,0,0,0,0,1,0,0
.\prepared_data\0854.png,0,0,0,0,1,0,0
.\prepared_data\0855.png,0,0,0,0,1,0,0
.\prepared_data\0856.png,0,0,0,0,1,0,0
.\prepared_data\0857.png,0,0,0,0,1,0,0
.\prepared_data\0858.png,0,0,0,0,1,0,0
.\prepared_data\0859.png,0,0,0,0,1,0,0
.\prepared_data\0860.png,0,0,0,0,1,0,0
.\prepared_data\0861.png,0,0,0,0,1,0,0
.\prepared_data\0862.png,0,0,0,0,1,0,0
.\prepared_data\0863.png,0,0,0,0,1,0,0
.\prepared_data\0864.png,0,0,0,0,1,0,0
.\prepared_data\0865.png,0,0,0,0,1,0,0
.\prepared_data\0866.png,0,0,0,0,1,0,0
.\prepared_data\0867.png,0,0,0,0,1,0,0
.\prepared_data\0868.png,0,0,0,0,1,0,0
.\prepared_data\0869.png,0,0,0,0,1,0,0
.\prepared_data\0870.png,0,0,0,0,1,0,0
.\prepared_data\0871.png,0,0,0,0,1,0,0
.\prepared_data\0872.png,0,0,0,0,1,0,0
.\prepared_data\0873.png,0,0,0,0,1,0,0
.\prepared_data\0874.png,0,0,0,0,1,0,0
.\prepared_data\0875.png,0,0,0,0,1,0,0
.\prepared_data\0876.png,0,0,0,0,1,0,0
.\prepared_data\0877.png,0,0,0,0,1,0,0
.\prepared_data\0878.png,0,0,0,0,1,0,0
.\prepared_data\0879.png,0,0,0,0,1,0,0
.\prepared_data\0880.png,0,0,0,0,1,0,0
.\prepared_data\0881.png,0,0,0,0,1,0,0
.\prepared_data\0882.png,0,0,0,0,1,0,0
.\prepared_data\0883.png,0,0,0,0,1,0,0
.\prepared_data\0884.png,0,0,0,0,1,0,0
.\prepared_data\0885.png,0,0,0,0,1,0,0
.\prepared_data\0886.png,0,0,0,0,1,0,0
.\prepared_data\0887.png,0,0,0,0,1,0,0
.\prepared_data\0888.png,0,0,0,0,1,0,0
.\prepared_data\0889.png,0,0,0,0,1,0,0
.\prepared_data\0890.png,0,0,0,0,1,0,0
.\prepared_data\0891.png,0,0,0,0,1,0,0
.\prepared_data\0892.png,0,0,0,0,1,0,0
.\prepared_data\0893.png,0,0,0,0,1,0,0
.\prepared_data\0894.png,0,0,0,0,1,0,0
.\prepared_data\0895.png,0,0,0,0,1,0,0
.\prepared_data\0896.png,0,0,0,0,1,0,0
.\prepared_data\0897.png,0,0,0,0,1,0,0
.\prepared_data\0898.png,0,0,0,0,1,0,0
.\prepared_data\0899.png,0,0,0,0,1,0,0
.\prepared_data\0900.png,0,0,0,0,1,0,0
.\prepared_data\0901.png,0,0,0,0,1,0,0
.\prepared_data\0902.png,0,0,0,0,1,0,0
.\prepared_data\0903.png,0,0,0,0,1,0,0
.\prepared_data\0904.png,0,0,0,0,1,0,0
.\prepared_data\0905.png,0,0,0,0,1,0,0
.\prepared_data\0906.png,0,0,0,0,1,0,0
.\prepared_data\0907.png,0,0,0,0,1,0,0
.\prepared_data\0908.png,0,0,0,0,1,0,0
.\prepared_data\0909.png,0,0,0,0,1,0,0
.\prepared_data\0910.png,0,0,0,0,1,0,0
.\prepared_data\0911.png,0,0,0,0,1,0,0
.\prepared_data\0912.png,0,0,0,0,1,0,0
.\prepared_data\0913.png,0,0,0,0,1,0,0
.\prepared_data\0914.png,0,0,0,0,1,0,0
.\prepared_data\0915.png,0,0,0,0,1,0,0
.\prepared_data\0916.png,0,0,0,0,1,0,0
.\prepared_data\0917.png,0,0,0,0,1,0,0
.\prepared_data\0918.png,0,0,0,0,1,0,0
.\prepared_data\0919.png,0,0,0,0,1,0,0
.\prepared_data\0920.png,0,0,0,0,1,0,0
.\prepared_data\0921.png,0,0,0,0,1,0,0
.\prepared_data\0922.png,0,0,0,0,1,0,0
.\prepared_data\0923.png,0,0,0,0,1,0,0
.\prepared_data\0924.png,0,0,0,0,1,0,0
.\prepared_data\0925.png,0,0,0,0,1,0,0
.\prepared_data\0926.png,0,0,0,0,1,0,0
.\prepared_data\0927.png,0,0,0,0,1,0,0
.\prepared_data\0928.png,0,0,0,0,1,0,0
.\prepared_data\0929.png,0,0,0,0,1,0,0
.\prepared_data\0930.png,0,0,0,0,1,0,0
.\prepared_data\0931.png,0,0,0,0,1,0,0
.\prepared_data\0932.png,0,0,0,0,1,0,0
.\prepared_data\0933.png,0,0,0,0,1,0,0
.\prepared_data\0934.png,0,0,0,0,1,0,0
.\prepared_data\0935.png,0,0,0,0,1,0,0
.\prepared_data\0936.png,0,0,0,0,1,0,0
.\prepared_data\0937.png,0,0,0,0,1,0,0
.\prepared_data\0938.png,0,0,0,0,1,0,0
.\prepared_data\0939.png,0,0,0,0,1,0,0
.\prepared_data\0940.png,0,0,0,0,1,0,0
.\prepared_data\0941.png,0,0,0,0,1,0,0
.\prepared_data\0942.png,0,0,0,0,1,0,0
.\prepared_data\0943.png,0,0,0,0,1,0,0
.\prepared_data\0944.png,0,0,0,0,1,0,0
.\prepared_data\0945.png,0,0,0,0,1,0,0
.\prepared_data\0946.png,0,0,0,0,1,0,0
.\prepared_data\0947.png,0,0,0,0,1,0,0
.\prepared_data\0948.png,0,0,0,0,1,0,0
.\prepared_data\0949.png,0,0,0,0,1,0,0
.\prepared_data\0950.png,0,0,0,0,1,0,0
.\prepared_data\0951.png,0,0,0,0,1,0,0
.\prepared_data\0952.png,0,0,0,0,1,0,0
.\prepared_data\0953.png,0,0,0,0,1,0,0
.\prepared_data\0954.png,0,0,0,0,1,0,0
.\prepared_data\0955.png,0,0,0,0,1,0,0
.\prepared_data\0956.png,0,0,0,0,1,0,0
.\prepared_data\0957.png,0,0,0,0,1,0,0
.\prepared_data\0958.png,0,0,0,0,1,0,0
.\prepared_data\0959.png,0,0,0,0,1,0,0
.\prepared_data\0960.png,0,0,0,0,1,0,0
.\prepared_data\0961.png,0,0,0,0,1,0,0
.\prepared_data\0962.png,0,0,0,0,1,0,0
.\prepared_data\0963.png,0,0,0,0,1,0,0
.\prepared_data\0964.png,0,0,0,0,1,0,0
.\prepared_data\0965.png,0,0,0,0,1,0,0
.\prepared_data\0966.png,0,0,0,0,1,0,0
.\prepared_data\0967.png,0,0,0,0,1,0,0
.\prepared_data\0968.png,0,0,0,0,1,0,0
.\prepared_data\0969.png,0,0,0,0,1,0,0
.\prepared_data\0970.png,0,0,0,0,1,0,0
.\prepared_data\0971.png,0,0,0,0,1,0,0
.\prepared_data\0972.png,0,0,0,0,1,0,0
.\prepared_data\0973.png,0,0,0,0,1,0,0
.\prepared_data\0974.png,0,0,0,0,1,0,0
.\prepared_data\0975.png,0,0,0,0,1,0,0
.\prepared_data\0976.png,0,0,0,0,1,0,0
.\prepared_data\0977.png,0,0,0,0,1,0,0
.\prepared_data\0978.png,0,0,0,0,1,0,0
.\prepared_data\0979.png,0,0,0,0,1,0,0
.\prepared_data\0980.png,0,0,0,0,1,0,0
.\prepared_data\0981.png,0,0,0,0,1,0,0
.\prepared_data\0982.png,0,0,0,0,1,0,0
.\prepared_data\0983.png,0,0,0,0,1,0,0
.\prepared_data\0984.png,0,0,0,0,1,0,0
.\prepared_data\0985.png,0,0,0,0,1,0,0
.\prepared_data\0986.png,0,0,0,0,1,0,0
.\prepared_data\0987.png,0,0,0,0,1,0,0
.\prepared_data\0988.png,0,0,0,0,1,0,0
.\prepared_data\0989.png,0,0,0,0,1,0,0
.\prepared_data\0990.png,0,0,0,0,1,0,0
.\prepared_data\0991.png,0,0,0,0,1,0,0
.\prepared_data\0992.png,0,0,0,0,1,0,0
.\prepared_data\0993.png,0,0,0,0,1,0,0
.\prepared_data\0994.png,0,0,0,0,1,0,0
.\prepared_data\0995.png,0,0,0,0,1,0,0
.\prepared_data\0996.png,0,0,0,0,1,0,0
.\prepared_data\0997.png,0,0,0,0,1,0,0
.\prepared_data\0998.png,0,0,0,0,1,0,0
.\prepared_data\0999.png,0,0,0,0,1,0,0
.\prepared_data\1000.png,0,0,0,0,0,1,0
.\prepared_data\1001.png,0,0,0,0,0,1,0
.\prepared_data\1002.png,0,0,0,0,0,1,0
.\prepared_data\1003.png,0,0,0,0,0,1,0
.\prepared_data\1004.png,0,0,0,0,0,1,0
.\prepared_data\1005.png,0,0,0,0,0,1,0
.\prepared_data\1006.png,0,0,0,0,0,1,0
.\prepared_data\1007.png,0,0,0,0,0,1,0
.\prepared_data\1008.png,0,0,0,0,0,1,0
.\prepared_data\1009.png,0,0,0,0,0,1,0
.\prepared_data\1010.png,0,0,0,0,0,1,0
.\prepared_data\1011.png,0,0,0,0,0,1,0
.\prepared_data\1012.png,0,0,0,0,0,1,0
.\prepared_data\1013.png,0,0,0,0,0,1,0
.\prepared_data\1014.png,0,0,0,0,0,1,0
.\prepared_data\1015.png,0,0,0,0,0,1,0
.\prepared_data\1016.png,0,0,0,0,0,1,0
.\prepared_data\1017.png,0,0,0,0,0,1,0
.\prepared_data\1018.png,0,0,0,0,0,1,0
.\prepared_data\1019.png,0,0,0,0,0,1,0
.\prepared_data\1020.png,0,0,0,0,0,1,0
.\prepared_data\1021.png,0,0,0,0,0,1,0
.\prepared_data\1022.png,0,0,0,0,0,1,0
.\prepared_data\1023.png,0,0,0,0,0,1,0
.\prepared_data\1024.png,0,0,0,0,0,1,0
.\prepared_data\1025.png,0,0,0,0,0,1,0
.\prepared_data\1026.png,0,0,0,0,0,1,0
.\prepared_data\1027.png,0,0,0,0,0,1,0
.\prepared_data\1028.png,0,0,0,0,0,1,0
.\prepared_data\1029.png,0,0,0,0,0,1,0
.\prepared_data\1030.png,0,0,0,0,0,1,0
.\prepared_data\1031.png,0,0,0,0,0,1,0
.\prepared_data\1032.png,0,0,0,0,0,1,0
.\prepared_data\1033.png,0,0,0,0,0,1,0
.\prepared_data\1034.png,0,0,0,0,0,1,0
.\prepared_data\1035.png,0,0,0,0,0,1,0
.\prepared_data\1036.png,0,0,0,0,0,1,0
.\prepared_data\1037.png,0,0,0,0,0,1,0
.\prepared_data\1038.png,0,0,0,0,0,1,0
.\prepared_data\1039.png,0,0,0,0,0,1,0
.\prepared_data\1040.png,0,0,0,0,0,1,0
.\prepared_data\1041.png,0,0,0,0,0,1,0
.\prepared_data\1042.png,0,0,0,0,0,1,0
.\prepared_data\1043.png,0,0,0,0,0,1,0
.\prepared_data\1044.png,0,0,0,0,0,1,0
.\prepared_data\1045.png,0,0,0,0,0,1,0
.\prepared_data\1046.png,0,0,0,0,0,1,0
.\prepared_data\1047.png,0,0,0,0,0,1,0
.\prepared_data\1048.png,0,0,0,0,0,1,0
.\prepared_data\1049.png,0,0,0,0,0,1,0
.\prepared_data\1050.png,0,0,0,0,0,1,0
.\prepared_data\1051.png,0,0,0,0,0,1,0
.\prepared_data\1052.png,0,0,0,0,0,1,0
.\prepared_data\1053.png,0,0,0,0,0,1,0
.\prepared_data\1054.png,0,0,0,0,0,1,0
.\prepared_data\1055.png,0,0,0,0,0,1,0
.\prepared_data\1056.png,0,0,0,0,0,1,0
.\prepared_data\1057.png,0,0,0,0,0,1,0
.\prepared_data\1058.png,0,0,0,0,0,1,0
.\prepared_data\1059.png,0,0,0,0,0,1,0
.\prepared_data\1060.png,0,0,0,0,0,1,0
.\prepared_data\1061.png,0,0,0,0,0,1,0
.\prepared_data\1062.png,0,0,0,0,0,1,0
.\prepared_data\1063.png,0,0,0,0,0,1,0
.\prepared_data\1064.png,0,0,0,0,0,1,0
.\prepared_data\1065.png,0,0,0,0,0,1,0
.\prepared_data\1066.png,0,0,0,0,0,1,0
.\prepared_data\1067.png,0,0,0,0,0,1,0
.\prepared_data\1068.png,0,0,0,0,0,1,0
.\prepared_data\1069.png,0,0,0,0,0,1,0
.\prepared_data\1070.png,0,0,0,0,0,1,0
.\prepared_data\1071.png,0,0,0,0,0,1,0
.\prepared_data\1072.png,0,0,0,0,0,1,0
.\prepared_data\1073.png,0,0,0,0,0,1,0
.\prepared_data\1074.png,0,0,0,0,0,1,0
.\prepared_data\1075.png,0,0,0,0,0,1,0
.\prepared_data\1076.png,0,0,0,0,0,1,0
.\prepared_data\1077.png,0,0,0,0,0,1,0
.\prepared_data\1078.png,0,0,0,0,0,1,0
.\prepared_data\1079.png,0,0,0,0,0,1,0
.\prepared_data\1080.png,0,0,0,0,0,1,0
.\prepared_data\1081.png,0,0,0,0,0,1,0
.\prepared_data\1082.png,0,0,0,0,0,1,0
.\prepared_data\1083.png,0,0,0,0,0,1,0
.\prepared_data\1084.png,0,0,0,0,0,1,0
.\prepared_data\1085.png,0,0,0,0,0,1,0
.\prepared_data\1086.png,0,0,0,0,0,1,0
.\prepared_data\1087.png,0,0,0,0,0,1,0
.\prepared_data\1088.png,0,0,0,0,0,1,0
.\prepared_data\1089.png,0,0,0,0,0,1,0
.\prepared_data\1090.png,0,0,0,0,0,1,0
.\prepared_data\1091.png,0,0,0,0,0,1,0
.\prepared_data\1092.png,0,0,0,0,0,1,0
.\prepared_data\1093.png,0,0,0,0,0,1,0
.\prepared_data\1094.png,0,0,0,0,0,1,0
.\prepared_data\1095.png,0,0,0,0,0,1,0
.\prepared_data\1096.png,0,0,0,0,0,1,0
.\prepared_data\1097.png,0,0,0,0,0,1,0
.\prepared_data\1098.png,0,0,0,0,0,1,0
.\prepared_data\1099.png,0,0,0,0,0,1,0
.\prepared_data\1100.png,0,0,0,0,0,1,0
.\prepared_data\1101.png,0,0,0,0,0,1,0
.\prepared_data\1102.png,0,0,0,0,0,1,0
.\prepared_data\1103.png,0,0,0,0,0,1,0
.\prepared_data\1104.png,0,0,0,0,0,1,0
.\prepared_data\1105.png,0,0,0,0,0,1,0
.\prepared_data\1106.png,0,0,0,0,0,1,0
.\prepared_data\1107.png,0,0,0,0,0,1,0
.\prepared_data\1108.png,0,0,0,0,0,1,0
.\prepared_data\1109.png,0,0,0,0,0,1,0
.\prepared_data\1110.png,0,0,0,0,0,1,0
.\prepared_data\1111.png,0,0,0,0,0,1,0
.\prepared_data\1112.png,0,0,0,0,0,1,0
.\prepared_data\1113.png,0,0,0,0,0,1,0
.\prepared_data\1114.png,0,0,0,0,0,1,0
.\prepared_data\1115.png,0,0,0,0,0,1,0
.\prepared_data\1116.png,0,0,0,0,0,1,0
.\prepared_data\1117.png,0,0,0,0,0,1,0
.\prepared_data\1118.png,0,0,0,0,0,1,0
.\prepared_data\1119.png,0,0,0,0,0,1,0
.\prepared_data\1120.png,0,0,0,0,0,1,0
.\prepared_data\1121.png,0,0,0,0,0,1,0
.\prepared_data\1122.png,0,0,0,0,0,1,0
.\prepared_data\1123.png,0,0,0,0,0,1,0
.\prepared_data\1124.png,0,0,0,0,0,1,0
.\prepared_data\1125.png,0,0,0,0,0,1,0
.\prepared_data\1126.png,0,0,0,0,0,1,0
.\prepared_data\1127.png,0,0,0,0,0,1,0
.\prepared_data\1128.png,0,0,0,0,0,1,0
.\prepared_data\1129.png,0,0,0,0,0,1,0
.\prepared_data\1130.png,0,0,0,0,0,1,0
.\prepared_data\1131.png,0,0,0,0,0,1,0
.\prepared_data\1132.png,0,0,0,0,0,1,0
.\prepared_data\1133.png,0,0,0,0,0,1,0
.\prepared_data\1134.png,0,0,0,0,0,1,0
.\prepared_data\1135.png,0,0,0,0,0,1,0
.\prepared_data\1136.png,0,0,0,0,0,1,0
.\prepared_data\1137.png,0,0,0,0,0,1,0
.\prepared_data\1138.png,0,0,0,0,0,1,0
.\prepared_data\1139.png,0,0,0,0,0,1,0
.\prepared_data\1140.png,0,0,0,0,0,1,0
.\prepared_data\1141.png,0,0,0,0,0,1,0
.\prepared_data\1142.png,0,0,0,0,0,1,0
.\prepared_data\1143.png,0,0,0,0,0,1,0
.\prepared_data\1144.png,0,0,0,0,0,1,0
.\prepared_data\1145.png,0,0,0,0,0,1,0
.\prepared_data\1146.png,0,0,0,0,0,1,0
.\prepared_data\1147.png,0,0,0,0,0,1,0
.\prepared_data\1148.png,0,0,0,0,0,1,0
.\prepared_data\1149.png,0,0,0,0,0,1,0
.\prepared_data\1150.png,0,0,0,0,0,1,0
.\prepared_data\1151.png,0,0,0,0,0,1,0
.\prepared_data\1152.png,0,0,0,0,0,1,0
.\prepared_data\1153.png,0,0,0,0,0,1,0
.\prepared_data\1154.png,0,0,0,0,0,1,0
.\prepared_data\1155.png,0,0,0,0,0,1,0
.\prepared_data\1156.png,0,0,0,0,0,1,0
.\prepared_data\1157.png,0,0,0,0,0,1,0
.\prepared_data\1158.png,0,0,0,0,0,1,0
.\prepared_data\1159.png,0,0,0,0,0,1,0
.\prepared_data\1160.png,0,0,0,0,0,1,0
.\prepared_data\1161.png,0,0,0,0,0,1,0
.\prepared_data\1162.png,0,0,0,0,0,1,0
.\prepared_data\1163.png,0,0,0,0,0,1,0
.\prepared_data\1164.png,0,0,0,0,0,1,0
.\prepared_data\1165.png,0,0,0,0,0,1,0
.\prepared_data\1166.png,0,0,0,0,0,1,0
.\prepared_data\1167.png,0,0,0,0,0,1,0
.\prepared_data\1168.png,0,0,0,0,0,1,0
.\prepared_data\1169.png,0,0,0,0,0,1,0
.\prepared_data\1170.png,0,0,0,0,0,1,0
.\prepared_data\1171.png,0,0,0,0,0,1,0
.\prepared_data\1172.png,0,0,0,0,0,1,0
.\prepared_data\1173.png,0,0,0,0,0,1,0
.\prepared_data\1174.png,0,0,0,0,0,1,0
.\prepared_data\1175.png,0,0,0,0,0,1,0
.\prepared_data\1176.png,0,0,0,0,0,1,0
.\prepared_data\1177.png,0,0,0,0,0,1,0
.\prepared_data\1178.png,0,0,0,0,0,1,0
.\prepared_data\1179.png,0,0,0,0,0,1,0
.\prepared_data\1180.png,0,0,0,0,0,1,0
.\prepared_data\1181.png,0,0,0,0,0,1,0
.\prepared_data\1182.png,0,0,0,0,0,1,0
.\prepared_data\1183.png,0,0,0,0,0,1,0
.\prepared_data\1184.png,0,0,0,0,0,1,0
.\prepared_data\1185.png,0,0,0,0,0,1,0
.\prepared_data\1186.png,0,0,0,0,0,1,0
.\prepared_data\1187.png,0,0,0,0,0,1,0
.\prepared_data\1188.png,0,0,0,0,0,1,0
.\prepared_data\1189.png,0,0,0,0,0,1,0
.\prepared_data\1190.png,0,0,0,0,0,1,0
.\prepared_data\1191.png,0,0,0,0,0,1,0
.\prepared_data\1192.png,0,0,0,0,0,1,0
.\prepared_data\1193.png,0,0,0,0,0,1,0
.\prepared_data\1194.png,0,0,0,0,0,1,0
.\prepared_data\1195.png,0,0,0,0,0,1,0
.\prepared_data\1196.png,0,0,0,0,0,1,0
.\prepared_data\1197.png,0,0,0,0,0,1,0
.\prepared_data\1198.png,0,0,0,0,0,1,0
.\prepared_data\1199.png,0,0,0,0,0,1,0
.\prepared_data\1200.png,0,0,0,0,0,0,1
.\prepared_data\1201.png,0,0,0,0,0,0,1
.\prepared_data\1202.png,0,0,0,0,0,0,1
.\prepared_data\1203.png,0,0,0,0,0,0,1
.\prepared_data\1204.png,0,0,0,0,0,0,1
.\prepared_data\1205.png,0,0,0,0,0,0,1
.\prepared_data\1206.png,0,0,0,0,0,0,1
.\prepared_data\1207.png,0,0,0,0,0,0,1
.\prepared_data\1208.png,0,0,0,0,0,0,1
.\prepared_data\1209.png,0,0,0,0,0,0,1
.\prepared_data\1210.png,0,0,0,0,0,0,1
.\prepared_data\1211.png,0,0,0,0,0,0,1
.\prepared_data\1212.png,0,0,0,0,0,0,1
.\prepared_data\1213.png,0,0,0,0,0,0,1
.\prepared_data\1214.png,0,0,0,0,0,0,1
.\prepared_data\1215.png,0,0,0,0,0,0,1
.\prepared_data\1216.png,0,0,0,0,0,0,1
.\prepared_data\1217.png,0,0,0,0,0,0,1
.\prepared_data\1218.png,0,0,0,0,0,0,1
.\prepared_data\1219.png,0,0,0,0,0,0,1
.\prepared_data\1220.png,0,0,0,0,0,0,1
.\prepared_data\1221.png,0,0,0,0,0,0,1
.\prepared_data\1222.png,0,0,0,0,0,0,1
.\prepared_data\1223.png,0,0,0,0,0,0,1
.\prepared_data\1224.png,0,0,0,0,0,0,1
.\prepared_data\1225.png,0,0,0,0,0,0,1
.\prepared_data\1226.png,0,0,0,0,0,0,1
.\prepared_data\1227.png,0,0,0,0,0,0,1
.\prepared_data\1228.png,0,0,0,0,0,0,1
.\prepared_data\1229.png,0,0,0,0,0,0,1
.\prepared_data\1230.png,0,0,0,0,0,0,1
.\prepared_data\1231.png,0,0,0,0,0,0,1
.\prepared_data\1232.png,0,0,0,0,0,0,1
.\prepared_data\1233.png,0,0,0,0,0,0,1
.\prepared_data\1234.png,0,0,0,0,0,0,1
.\prepared_data\1235.png,0,0,0,0,0,0,1
.\prepared_data\1236.png,0,0,0,0,0,0,1
.\prepared_data\1237.png,0,0,0,0,0,0,1
.\prepared_data\1238.png,0,0,0,0,0,0,1
.\prepared_data\1239.png,0,0,0,0,0,0,1
.\prepared_data\1240.png,0,0,0,0,0,0,1
.\prepared_data\1241.png,0,0,0,0,0,0,1
.\prepared_data\1242.png,0,0,0,0,0,0,1
.\prepared_data\1243.png,0,0,0,0,0,0,1
.\prepared_data\1244.png,0,0,0,0,0,0,1
.\prepared_data\1245.png,0,0,0,0,0,0,1
.\prepared_data\1246.png,0,0,0,0,0,0,1
.\prepared_data\1247.png,0,0,0,0,0,0,1
.\prepared_data\1248.png,0,0,0,0,0,0,1
.\prepared_data\1249.png,0,0,0,0,0,0,1
.\prepared_data\1250.png,0,0,0,0,0,0,1
.\prepared_data\1251.png,0,0,0,0,0,0,1
.\prepared_data\1252.png,0,0,0,0,0,0,1
.\prepared_data\1253.png,0,0,0,0,0,0,1
.\prepared_data\1254.png,0,0,0,0,0,0,1
.\prepared_data\1255.png,0,0,0,0,0,0,1
.\prepared_data\1256.png,0,0,0,0,0,0,1
.\prepared_data\1257.png,0,0,0,0,0,0,1
.\prepared_data\1258.png,0,0,0,0,0,0,1
.\prepared_data\1259.png,0,0,0,0,0,0,1
.\prepared_data\1260.png,0,0,0,0,0,0,1
.\prepared_data\1261.png,0,0,0,0,0,0,1
.\prepared_data\1262.png,0,0,0,0,0,0,1
.\prepared_data\1263.png,0,0,0,0,0,0,1
.\prepared_data\1264.png,0,0,0,0,0,0,1
.\prepared_data\1265.png,0,0,0,0,0,0,1
.\prepared_data\1266.png,0,0,0,0,0,0,1
.\prepared_data\1267.png,0,0,0,0,0,0,1
.\prepared_data\1268.png,0,0,0,0,0,0,1
.\prepared_data\1269.png,0,0,0,0,0,0,1
.\prepared_data\1270.png,0,0,0,0,0,0,1
.\prepared_data\1271.png,0,0,0,0,0,0,1
.\prepared_data\1272.png,0,0,0,0,0,0,1
.\prepared_data\1273.png,0,0,0,0,0,0,1
.\prepared_data\1274.png,0,0,0,0,0,0,1
.\prepared_data\1275.png,0,0,0,0,0,0,1
.\prepared_data\1276.png,0,0,0,0,0,0,1
.\prepared_data\1277.png,0,0,0,0,0,0,1
.\prepared_data\1278.png,0,0,0,0,0,0,1
.\prepared_data\1279.png,0,0,0,0,0,0,1
.\prepared_data\1280.png,0,0,0,0,0,0,1
.\prepared_data\1281.png,0,0,0,0,0,0,1
.\prepared_data\1282.png,0,0,0,0,0,0,1
.\prepared_data\1283.png,0,0,0,0,0,0,1
.\prepared_data\1284.png,0,0,0,0,0,0,1
.\prepared_data\1285.png,0,0,0,0,0,0,1
.\prepared_data\1286.png,0,0,0,0,0,0,1
.\prepared_data\1287.png,0,0,0,0,0,0,1
.\prepared_data\1288.png,0,0,0,0,0,0,1
.\prepared_data\1289.png,0,0,0,0,0,0,1
.\prepared_data\1290.png,0,0,0,0,0,0,1
.\prepared_data\1291.png,0,0,0,0,0,0,1
.\prepared_data\1292.png,0,0,0,0,0,0,1
.\prepared_data\1293.png,0,0,0,0,0,0,1
.\prepared_data\1294.png,0,0,0,0,0,0,1
.\prepared_data\1295.png,0,0,0,0,0,0,1
.\prepared_data\1296.png,0,0,0,0,0,0,1
.\prepared_data\1297.png,0,0,0,0,0,0,1
.\prepared_data\1298.png,0,0,0,0,0,0,1
.\prepared_data\1299.png,0,0,0,0,0,0,1
.\prepared_data\1300.png,0,0,0,0,0,0,1
.\prepared_data\1301.png,0,0,0,0,0,0,1
.\prepared_data\1302.png,0,0,0,0,0,0,1
.\prepared_data\1303.png,0,0,0,0,0,0,1
.\prepared_data\1304.png,0,0,0,0,0,0,1
.\prepared_data\1305.png,0,0,0,0,0,0,1
.\prepared_data\1306.png,0,0,0,0,0,0,1
.\prepared_data\1307.png,0,0,0,0,0,0,1
.\prepared_data\1308.png,0,0,0,0,0,0,1
.\prepared_data\1309.png,0,0,0,0,0,0,1
.\prepared_data\1310.png,0,0,0,0,0,0,1
.\prepared_data\1311.png,0,0,0,0,0,0,1
.\prepared_data\1312.png,0,0,0,0,0,0,1
.\prepared_data\1313.png,0,0,0,0,0,0,1
.\prepared_data\1314.png,0,0,0,0,0,0,1
.\prepared_data\1315.png,0,0,0,0,0,0,1
.\prepared_data\1316.png,0,0,0,0,0,0,1
.\prepared_data\1317.png,0,0,0,0,0,0,1
.\prepared_data\1318.png,0,0,0,0,0,0,1
.\prepared_data\1319.png,0,0,0,0,0,0,1
.\prepared_data\1320.png,0,0,0,0,0,0,1
.\prepared_data\1321.png,0,0,0,0,0,0,1
.\prepared_data\1322.png,0,0,0,0,0,0,1
.\prepared_data\1323.png,0,0,0,0,0,0,1
.\prepared_data\1324.png,0,0,0,0,0,0,1
.\prepared_data\1325.png,0,0,0,0,0,0,1
.\prepared_data\1326.png,0,0,0,0,0,0,1
.\prepared_data\1327.png,0,0,0,0,0,0,1
.\prepared_data\1328.png,0,0,0,0,0,0,1
.\prepared_data\1329.png,0,0,0,0,0,0,1
.\prepared_data\1330.png,0,0,0,0,0,0,1
.\prepared_data\1331.png,0,0,0,0,0,0,1
.\prepared_data\1332.png,0,0,0,0,0,0,1
.\prepared_data\1333.png,0,0,0,0,0,0,1
.\prepared_data\1334.png,0,0,0,0,0,0,1
.\prepared_data\1335.png,0,0,0,0,0,0,1
.\prepared_data\1336.png,0,0,0,0,0,0,1
.\prepared_data\1337.png,0,0,0,0,0,0,1
.\prepared_data\1338.png,0,0,0,0,0,0,1
.\prepared_data\1339.png,0,0,0,0,0,0,1
.\prepared_data\1340.png,0,0,0,0,0,0,1
.\prepared_data\1341.png,0,0,0,0,0,0,1
.\prepared_data\1342.png,0,0,0,0,0,0,1
.\prepared_data\1343.png,0,0,0,0,0,0,1
.\prepared_data\1344.png,0,0,0,0,0,0,1
.\prepared_data\1345.png,0,0,0,0,0,0,1
.\prepared_data\1346.png,0,0,0,0,0,0,1
.\prepared_data\1347.png,0,0,0,0,0,0,1
.\prepared_data\1348.png,0,0,0,0,0,0,1
.\prepared_data\1349.png,0,0,0,0,0,0,1
.\prepared_data\1350.png,0,0,0,0,0,0,1
.\prepared_data\1351.png,0,0,0,0,0,0,1
.\prepared_data\1352.png,0,0,0,0,0,0,1
.\prepared_data\1353.png,0,0,0,0,0,0,1
.\prepared_data\1354.png,0,0,0,0,0,0,1
.\prepared_data\1355.png,0,0,0,0,0,0,1
.\prepared_data\1356.png,0,0,0,0,0,0,1
.\prepared_data\1357.png,0,0,0,0,0,0,1
.\prepared_data\1358.png,0,0,0,0,0,0,1
.\prepared_data\1359.png,0,0,0,0,0,0,1
.\prepared_data\1360.png,0,0,0,0,0,0,1
.\prepared_data\1361.png,0,0,0,0,0,0,1
.\prepared_data\1362.png,0,0,0,0,0,0,1
.\prepared_data\1363.png,0,0,0,0,0,0,1
.\prepared_data\1364.png,0,0,0,0,0,0,1
.\prepared_data\1365.png,0,0,0,0,0,0,1
.\prepared_data\1366.png,0,0,0,0,0,0,1
.\prepared_data\1367.png,0,0,0,0,0,0,1
.\prepared_data\1368.png,0,0,0,0,0,0,1
.\prepared_data\1369.png,0,0,0,0,0,0,1
.\prepared_data\1370.png,0,0,0,0,0,0,1
.\prepared_data\1371.png,0,0,0,0,0,0,1
.\prepared_data\1372.png,0,0,0,0,0,0,1
.\prepared_data\1373.png,0,0,0,0,0,0,1
.\prepared_data\1374.png,0,0,0,0,0,0,1
.\prepared_data\1375.png,0,0,0,0,0,0,1
.\prepared_data\1376.png,0,0,0,0,0,0,1
.\prepared_data\1377.png,0,0,0,0,0,0,1
.\prepared_data\1378.png,0,0,0,0,0,0,1
.\prepared_data\1379.png,0,0,0,0,0,0,1
.\prepared_data\1380.png,0,0,0,0,0,0,1
.\prepared_data\1381.png,0,0,0,0,0,0,1
.\prepared_data\1382.png,0,0,0,0,0,0,1
.\prepared_data\1383.png,0,0,0,0,0,0,1
.\prepared_data\1384.png,0,0,0,0,0,0,1
.\prepared_data\1385.png,0,0,0,0,0,0,1
.\prepared_data\1386.png,0,0,0,0,0,0,1
.\prepared_data\1387.png,0,0,0,0,0,0,1
.\prepared_data\1388.png,0,0,0,0,0,0,1
.\prepared_data\1389.png,0,0,0,0,0,0,1
.\prepared_data\1390.png,0,0,0,0,0,0,1
.\prepared_data\1391.png,0,0,0,0,0,0,1
.\prepared_data\1392.png,0,0,0,0,0,0,1
.\prepared_data\1393.png,0,0,0,0,0,0,1
.\prepared_data\1394.png,0,0,0,0,0,0,1
.\prepared_data\1395.png,0,0,0,0,0,0,1
.\prepared_data\1396.png,0,0,0,0,0,0,1
.\prepared_data\1397.png,0,0,0,0,0,0,1
.\prepared_data\1398.png,0,0,0,0,0,0,1
.\prepared_data\1399.png,0,0,0,0,0,0,1
